location,date,vaccine,source_url,total_vaccinations,people_vaccinated,people_fully_vaccinated,total_boosters,single_shots
Denmark,2020-12-01,Pfizer/BioNTech,https://covid19.ssi.dk/overvagningsdata/download-fil-med-vaccinationsdata,1.0,1,0,,
Denmark,2020-12-08,Pfizer/BioNTech,https://covid19.ssi.dk/overvagningsdata/download-fil-med-vaccinationsdata,2.0,2,0,,
Denmark,2020-12-16,Pfizer/BioNTech,https://covid19.ssi.dk/overvagningsdata/download-fil-med-vaccinationsdata,3.0,3,0,,
Denmark,2020-12-17,Pfizer/BioNTech,https://covid19.ssi.dk/overvagningsdata/download-fil-med-vaccinationsdata,4.0,4,0,,
Denmark,2020-12-18,Pfizer/BioNTech,https://covid19.ssi.dk/overvagningsdata/download-fil-med-vaccinationsdata,6.0,6,0,,
Denmark,2020-12-19,Pfizer/BioNTech,https://covid19.ssi.dk/overvagningsdata/download-fil-med-vaccinationsdata,7.0,7,0,,
Denmark,2020-12-20,Pfizer/BioNTech,https://covid19.ssi.dk/overvagningsdata/download-fil-med-vaccinationsdata,8.0,8,0,,
Denmark,2020-12-21,Pfizer/BioNTech,https://covid19.ssi.dk/overvagningsdata/download-fil-med-vaccinationsdata,11.0,11,0,,
Denmark,2020-12-22,Pfizer/BioNTech,https://covid19.ssi.dk/overvagningsdata/download-fil-med-vaccinationsdata,16.0,16,0,,
Denmark,2020-12-23,Pfizer/BioNTech,https://covid19.ssi.dk/overvagningsdata/download-fil-med-vaccinationsdata,20.0,20,0,,
Denmark,2020-12-24,Pfizer/BioNTech,https://covid19.ssi.dk/overvagningsdata/download-fil-med-vaccinationsdata,24.0,24,0,,
Denmark,2020-12-26,Pfizer/BioNTech,https://covid19.ssi.dk/overvagningsdata/download-fil-med-vaccinationsdata,29.0,29,0,,
Denmark,2020-12-27,Pfizer/BioNTech,https://covid19.ssi.dk/overvagningsdata/download-fil-med-vaccinationsdata,5854.0,5854,0,,
Denmark,2020-12-28,Pfizer/BioNTech,https://covid19.ssi.dk/overvagningsdata/download-fil-med-vaccinationsdata,7777.0,7777,0,,
Denmark,2020-12-29,Pfizer/BioNTech,https://covid19.ssi.dk/overvagningsdata/download-fil-med-vaccinationsdata,16008.0,16007,1,,
Denmark,2020-12-30,Pfizer/BioNTech,https://covid19.ssi.dk/overvagningsdata/download-fil-med-vaccinationsdata,26562.0,26561,1,,
Denmark,2020-12-31,Pfizer/BioNTech,https://covid19.ssi.dk/overvagningsdata/download-fil-med-vaccinationsdata,32071.0,32070,1,,
Denmark,2021-01-01,Pfizer/BioNTech,https://covid19.ssi.dk/overvagningsdata/download-fil-med-vaccinationsdata,34166.0,34164,2,,
Denmark,2021-01-02,Pfizer/BioNTech,https://covid19.ssi.dk/overvagningsdata/download-fil-med-vaccinationsdata,42032.0,42030,2,,
Denmark,2021-01-03,Pfizer/BioNTech,https://covid19.ssi.dk/overvagningsdata/download-fil-med-vaccinationsdata,47229.0,47227,2,,
Denmark,2021-01-04,Pfizer/BioNTech,https://covid19.ssi.dk/overvagningsdata/download-fil-med-vaccinationsdata,49563.0,49560,3,,
Denmark,2021-01-05,Pfizer/BioNTech,https://covid19.ssi.dk/overvagningsdata/download-fil-med-vaccinationsdata,61847.0,61843,4,,
Denmark,2021-01-06,Pfizer/BioNTech,https://covid19.ssi.dk/overvagningsdata/download-fil-med-vaccinationsdata,79573.0,79569,4,,
Denmark,2021-01-07,Pfizer/BioNTech,https://covid19.ssi.dk/overvagningsdata/download-fil-med-vaccinationsdata,95293.0,95287,6,,
Denmark,2021-01-08,Pfizer/BioNTech,https://covid19.ssi.dk/overvagningsdata/download-fil-med-vaccinationsdata,102933.0,102926,7,,
Denmark,2021-01-09,Pfizer/BioNTech,https://covid19.ssi.dk/overvagningsdata/download-fil-med-vaccinationsdata,104768.0,104759,9,,
Denmark,2021-01-10,Pfizer/BioNTech,https://covid19.ssi.dk/overvagningsdata/download-fil-med-vaccinationsdata,105587.0,105578,9,,
Denmark,2021-01-11,Pfizer/BioNTech,https://covid19.ssi.dk/overvagningsdata/download-fil-med-vaccinationsdata,106251.0,106242,9,,
Denmark,2021-01-12,Pfizer/BioNTech,https://covid19.ssi.dk/overvagningsdata/download-fil-med-vaccinationsdata,106717.0,106707,10,,
Denmark,2021-01-13,"Moderna, Pfizer/BioNTech",https://covid19.ssi.dk/overvagningsdata/download-fil-med-vaccinationsdata,118758.0,118743,15,,
Denmark,2021-01-14,"Moderna, Pfizer/BioNTech",https://covid19.ssi.dk/overvagningsdata/download-fil-med-vaccinationsdata,135445.0,135429,16,,
Denmark,2021-01-15,"Moderna, Pfizer/BioNTech",https://covid19.ssi.dk/overvagningsdata/download-fil-med-vaccinationsdata,149545.0,149524,21,,
Denmark,2021-01-16,"Moderna, Pfizer/BioNTech",https://covid19.ssi.dk/overvagningsdata/download-fil-med-vaccinationsdata,153838.0,153807,31,,
Denmark,2021-01-17,"Moderna, Pfizer/BioNTech",https://covid19.ssi.dk/overvagningsdata/download-fil-med-vaccinationsdata,156723.0,156065,658,,
Denmark,2021-01-18,"Moderna, Pfizer/BioNTech",https://covid19.ssi.dk/overvagningsdata/download-fil-med-vaccinationsdata,161979.0,159649,2330,,
Denmark,2021-01-19,"Moderna, Pfizer/BioNTech",https://covid19.ssi.dk/overvagningsdata/download-fil-med-vaccinationsdata,166157.0,161966,4191,,
Denmark,2021-01-20,"Moderna, Pfizer/BioNTech",https://covid19.ssi.dk/overvagningsdata/download-fil-med-vaccinationsdata,169264.0,163374,5890,,
Denmark,2021-01-21,"Moderna, Pfizer/BioNTech",https://covid19.ssi.dk/overvagningsdata/download-fil-med-vaccinationsdata,172834.0,164821,8013,,
Denmark,2021-01-22,"Moderna, Pfizer/BioNTech",https://covid19.ssi.dk/overvagningsdata/download-fil-med-vaccinationsdata,178669.0,165461,13208,,
Denmark,2021-01-23,"Moderna, Pfizer/BioNTech",https://covid19.ssi.dk/overvagningsdata/download-fil-med-vaccinationsdata,185524.0,166136,19388,,
Denmark,2021-01-24,"Moderna, Pfizer/BioNTech",https://covid19.ssi.dk/overvagningsdata/download-fil-med-vaccinationsdata,191534.0,166691,24843,,
Denmark,2021-01-25,"Moderna, Pfizer/BioNTech",https://covid19.ssi.dk/overvagningsdata/download-fil-med-vaccinationsdata,193842.0,166964,26878,,
Denmark,2021-01-26,"Moderna, Pfizer/BioNTech",https://covid19.ssi.dk/overvagningsdata/download-fil-med-vaccinationsdata,195482.0,167176,28306,,
Denmark,2021-01-27,"Moderna, Pfizer/BioNTech",https://covid19.ssi.dk/overvagningsdata/download-fil-med-vaccinationsdata,199470.0,167382,32088,,
Denmark,2021-01-28,"Moderna, Pfizer/BioNTech",https://covid19.ssi.dk/overvagningsdata/download-fil-med-vaccinationsdata,206673.0,167618,39055,,
Denmark,2021-01-29,"Moderna, Pfizer/BioNTech",https://covid19.ssi.dk/overvagningsdata/download-fil-med-vaccinationsdata,224533.0,168653,55880,,
Denmark,2021-01-30,"Moderna, Pfizer/BioNTech",https://covid19.ssi.dk/overvagningsdata/download-fil-med-vaccinationsdata,237345.0,169765,67580,,
Denmark,2021-01-31,"Moderna, Pfizer/BioNTech",https://covid19.ssi.dk/overvagningsdata/download-fil-med-vaccinationsdata,249414.0,170891,78523,,
Denmark,2021-02-01,"Moderna, Pfizer/BioNTech",https://covid19.ssi.dk/overvagningsdata/download-fil-med-vaccinationsdata,257573.0,171615,85958,,
Denmark,2021-02-02,"Moderna, Pfizer/BioNTech",https://covid19.ssi.dk/overvagningsdata/download-fil-med-vaccinationsdata,262155.0,173477,88678,,
Denmark,2021-02-03,"Moderna, Pfizer/BioNTech",https://covid19.ssi.dk/overvagningsdata/download-fil-med-vaccinationsdata,268946.0,174862,94084,,
Denmark,2021-02-04,"Moderna, Pfizer/BioNTech",https://covid19.ssi.dk/overvagningsdata/download-fil-med-vaccinationsdata,279373.0,176181,103192,,
Denmark,2021-02-05,"Moderna, Pfizer/BioNTech",https://covid19.ssi.dk/overvagningsdata/download-fil-med-vaccinationsdata,293285.0,177689,115595,1.0,
Denmark,2021-02-06,"Moderna, Pfizer/BioNTech",https://covid19.ssi.dk/overvagningsdata/download-fil-med-vaccinationsdata,300025.0,178641,121383,,
Denmark,2021-02-07,"Moderna, Pfizer/BioNTech",https://covid19.ssi.dk/overvagningsdata/download-fil-med-vaccinationsdata,305155.0,180384,124770,,
Denmark,2021-02-08,"Moderna, Oxford/AstraZeneca, Pfizer/BioNTech",https://covid19.ssi.dk/overvagningsdata/download-fil-med-vaccinationsdata,314181.0,182739,131441,,
Denmark,2021-02-09,"Moderna, Oxford/AstraZeneca, Pfizer/BioNTech",https://covid19.ssi.dk/overvagningsdata/download-fil-med-vaccinationsdata,322162.0,186104,136057,,
Denmark,2021-02-10,"Moderna, Oxford/AstraZeneca, Pfizer/BioNTech",https://covid19.ssi.dk/overvagningsdata/download-fil-med-vaccinationsdata,328841.0,189284,139556,,
Denmark,2021-02-11,"Moderna, Oxford/AstraZeneca, Pfizer/BioNTech",https://covid19.ssi.dk/overvagningsdata/download-fil-med-vaccinationsdata,336788.0,194879,141908,,
Denmark,2021-02-12,"Moderna, Oxford/AstraZeneca, Pfizer/BioNTech",https://covid19.ssi.dk/overvagningsdata/download-fil-med-vaccinationsdata,356078.0,206673,149404,,
Denmark,2021-02-13,"Moderna, Oxford/AstraZeneca, Pfizer/BioNTech",https://covid19.ssi.dk/overvagningsdata/download-fil-med-vaccinationsdata,363302.0,212987,150314,,
Denmark,2021-02-14,"Moderna, Oxford/AstraZeneca, Pfizer/BioNTech",https://covid19.ssi.dk/overvagningsdata/download-fil-med-vaccinationsdata,369896.0,218983,150912,,
Denmark,2021-02-15,"Moderna, Oxford/AstraZeneca, Pfizer/BioNTech",https://covid19.ssi.dk/overvagningsdata/download-fil-med-vaccinationsdata,386182.0,232198,153983,,
Denmark,2021-02-16,"Moderna, Oxford/AstraZeneca, Pfizer/BioNTech",https://covid19.ssi.dk/overvagningsdata/download-fil-med-vaccinationsdata,400160.0,244884,155275,,
Denmark,2021-02-17,"Moderna, Oxford/AstraZeneca, Pfizer/BioNTech",https://covid19.ssi.dk/overvagningsdata/download-fil-med-vaccinationsdata,410597.0,254916,155680,,
Denmark,2021-02-18,"Moderna, Oxford/AstraZeneca, Pfizer/BioNTech",https://covid19.ssi.dk/overvagningsdata/download-fil-med-vaccinationsdata,422094.0,266093,156000,,
Denmark,2021-02-19,"Moderna, Oxford/AstraZeneca, Pfizer/BioNTech",https://covid19.ssi.dk/overvagningsdata/download-fil-med-vaccinationsdata,436527.0,279590,156936,,
Denmark,2021-02-20,"Moderna, Oxford/AstraZeneca, Pfizer/BioNTech",https://covid19.ssi.dk/overvagningsdata/download-fil-med-vaccinationsdata,447137.0,289648,157488,,
Denmark,2021-02-21,"Moderna, Oxford/AstraZeneca, Pfizer/BioNTech",https://covid19.ssi.dk/overvagningsdata/download-fil-med-vaccinationsdata,457872.0,300039,157832,,
Denmark,2021-02-22,"Moderna, Oxford/AstraZeneca, Pfizer/BioNTech",https://covid19.ssi.dk/overvagningsdata/download-fil-med-vaccinationsdata,472069.0,313160,158908,,
Denmark,2021-02-23,"Moderna, Oxford/AstraZeneca, Pfizer/BioNTech",https://covid19.ssi.dk/overvagningsdata/download-fil-med-vaccinationsdata,487954.0,327175,160777,2.0,
Denmark,2021-02-24,"Moderna, Oxford/AstraZeneca, Pfizer/BioNTech",https://covid19.ssi.dk/overvagningsdata/download-fil-med-vaccinationsdata,503114.0,340511,162600,3.0,
Denmark,2021-02-25,"Moderna, Oxford/AstraZeneca, Pfizer/BioNTech",https://covid19.ssi.dk/overvagningsdata/download-fil-med-vaccinationsdata,518057.0,354851,163202,4.0,
Denmark,2021-02-26,"Moderna, Oxford/AstraZeneca, Pfizer/BioNTech",https://covid19.ssi.dk/overvagningsdata/download-fil-med-vaccinationsdata,554369.0,390165,164199,5.0,
Denmark,2021-02-27,"Moderna, Oxford/AstraZeneca, Pfizer/BioNTech",https://covid19.ssi.dk/overvagningsdata/download-fil-med-vaccinationsdata,562178.0,396637,165534,7.0,
Denmark,2021-02-28,"Moderna, Oxford/AstraZeneca, Pfizer/BioNTech",https://covid19.ssi.dk/overvagningsdata/download-fil-med-vaccinationsdata,574052.0,407216,166827,9.0,
Denmark,2021-03-01,"Moderna, Oxford/AstraZeneca, Pfizer/BioNTech",https://covid19.ssi.dk/overvagningsdata/download-fil-med-vaccinationsdata,594278.0,426415,167852,11.0,
Denmark,2021-03-02,"Moderna, Oxford/AstraZeneca, Pfizer/BioNTech",https://covid19.ssi.dk/overvagningsdata/download-fil-med-vaccinationsdata,611919.0,442813,169094,12.0,
Denmark,2021-03-03,"Moderna, Oxford/AstraZeneca, Pfizer/BioNTech",https://covid19.ssi.dk/overvagningsdata/download-fil-med-vaccinationsdata,625733.0,455643,170077,13.0,
Denmark,2021-03-04,"Moderna, Oxford/AstraZeneca, Pfizer/BioNTech",https://covid19.ssi.dk/overvagningsdata/download-fil-med-vaccinationsdata,644726.0,472870,171842,14.0,
Denmark,2021-03-05,"Moderna, Oxford/AstraZeneca, Pfizer/BioNTech",https://covid19.ssi.dk/overvagningsdata/download-fil-med-vaccinationsdata,666494.0,489149,177331,,
Denmark,2021-03-06,"Moderna, Oxford/AstraZeneca, Pfizer/BioNTech",https://covid19.ssi.dk/overvagningsdata/download-fil-med-vaccinationsdata,684003.0,503503,180486,,
Denmark,2021-03-07,"Moderna, Oxford/AstraZeneca, Pfizer/BioNTech",https://covid19.ssi.dk/overvagningsdata/download-fil-med-vaccinationsdata,699821.0,515208,184599,,
Denmark,2021-03-08,"Moderna, Oxford/AstraZeneca, Pfizer/BioNTech",https://covid19.ssi.dk/overvagningsdata/download-fil-med-vaccinationsdata,714923.0,524591,190317,15.0,
Denmark,2021-03-09,"Moderna, Oxford/AstraZeneca, Pfizer/BioNTech",https://covid19.ssi.dk/overvagningsdata/download-fil-med-vaccinationsdata,732501.0,535294,197180,27.0,
Denmark,2021-03-10,"Moderna, Oxford/AstraZeneca, Pfizer/BioNTech",https://covid19.ssi.dk/overvagningsdata/download-fil-med-vaccinationsdata,751237.0,547135,204073,29.0,
Denmark,2021-03-11,"Moderna, Oxford/AstraZeneca, Pfizer/BioNTech",https://covid19.ssi.dk/overvagningsdata/download-fil-med-vaccinationsdata,763267.0,551537,211700,30.0,
Denmark,2021-03-12,"Moderna, Oxford/AstraZeneca, Pfizer/BioNTech",https://covid19.ssi.dk/overvagningsdata/download-fil-med-vaccinationsdata,776624.0,554767,221827,,
Denmark,2021-03-13,"Moderna, Oxford/AstraZeneca, Pfizer/BioNTech",https://covid19.ssi.dk/overvagningsdata/download-fil-med-vaccinationsdata,786712.0,559211,227470,31.0,
Denmark,2021-03-14,"Moderna, Oxford/AstraZeneca, Pfizer/BioNTech",https://covid19.ssi.dk/overvagningsdata/download-fil-med-vaccinationsdata,796774.0,560416,236327,,
Denmark,2021-03-15,"Moderna, Oxford/AstraZeneca, Pfizer/BioNTech",https://covid19.ssi.dk/overvagningsdata/download-fil-med-vaccinationsdata,809033.0,563175,245826,32.0,
Denmark,2021-03-16,"Moderna, Oxford/AstraZeneca, Pfizer/BioNTech",https://covid19.ssi.dk/overvagningsdata/download-fil-med-vaccinationsdata,824810.0,569819,254959,,
Denmark,2021-03-17,"Moderna, Oxford/AstraZeneca, Pfizer/BioNTech",https://covid19.ssi.dk/overvagningsdata/download-fil-med-vaccinationsdata,844145.0,580345,263768,,
Denmark,2021-03-18,"Moderna, Oxford/AstraZeneca, Pfizer/BioNTech",https://covid19.ssi.dk/overvagningsdata/download-fil-med-vaccinationsdata,865536.0,594717,270787,,
Denmark,2021-03-19,"Moderna, Oxford/AstraZeneca, Pfizer/BioNTech",https://covid19.ssi.dk/overvagningsdata/download-fil-med-vaccinationsdata,884596.0,602424,282140,,
Denmark,2021-03-20,"Moderna, Oxford/AstraZeneca, Pfizer/BioNTech",https://covid19.ssi.dk/overvagningsdata/download-fil-med-vaccinationsdata,891809.0,605380,286397,,
Denmark,2021-03-21,"Moderna, Oxford/AstraZeneca, Pfizer/BioNTech",https://covid19.ssi.dk/overvagningsdata/download-fil-med-vaccinationsdata,901255.0,610285,290938,,
Denmark,2021-03-22,"Moderna, Oxford/AstraZeneca, Pfizer/BioNTech",https://covid19.ssi.dk/overvagningsdata/download-fil-med-vaccinationsdata,912805.0,614338,298435,,
Denmark,2021-03-23,"Moderna, Oxford/AstraZeneca, Pfizer/BioNTech",https://covid19.ssi.dk/overvagningsdata/download-fil-med-vaccinationsdata,926195.0,620339,305822,34.0,
Denmark,2021-03-24,"Moderna, Oxford/AstraZeneca, Pfizer/BioNTech",https://covid19.ssi.dk/overvagningsdata/download-fil-med-vaccinationsdata,948976.0,630034,318906,36.0,
Denmark,2021-03-25,"Moderna, Oxford/AstraZeneca, Pfizer/BioNTech",https://covid19.ssi.dk/overvagningsdata/download-fil-med-vaccinationsdata,964773.0,637659,327076,38.0,
Denmark,2021-03-26,"Moderna, Oxford/AstraZeneca, Pfizer/BioNTech",https://covid19.ssi.dk/overvagningsdata/download-fil-med-vaccinationsdata,978484.0,643744,334702,,
Denmark,2021-03-27,"Moderna, Oxford/AstraZeneca, Pfizer/BioNTech",https://covid19.ssi.dk/overvagningsdata/download-fil-med-vaccinationsdata,991349.0,653588,337723,,
Denmark,2021-03-28,"Moderna, Oxford/AstraZeneca, Pfizer/BioNTech",https://covid19.ssi.dk/overvagningsdata/download-fil-med-vaccinationsdata,1004639.0,664233,340367,39.0,
Denmark,2021-03-29,"Moderna, Oxford/AstraZeneca, Pfizer/BioNTech",https://covid19.ssi.dk/overvagningsdata/download-fil-med-vaccinationsdata,1028394.0,681964,346390,40.0,
Denmark,2021-03-30,"Moderna, Oxford/AstraZeneca, Pfizer/BioNTech",https://covid19.ssi.dk/overvagningsdata/download-fil-med-vaccinationsdata,1055663.0,703325,352294,44.0,
Denmark,2021-03-31,"Moderna, Oxford/AstraZeneca, Pfizer/BioNTech",https://covid19.ssi.dk/overvagningsdata/download-fil-med-vaccinationsdata,1078061.0,716258,361759,,
Denmark,2021-04-01,"Moderna, Oxford/AstraZeneca, Pfizer/BioNTech",https://covid19.ssi.dk/overvagningsdata/download-fil-med-vaccinationsdata,1089000.0,720456,368498,46.0,
Denmark,2021-04-02,"Moderna, Oxford/AstraZeneca, Pfizer/BioNTech",https://covid19.ssi.dk/overvagningsdata/download-fil-med-vaccinationsdata,1100640.0,725343,375251,,
Denmark,2021-04-03,"Moderna, Oxford/AstraZeneca, Pfizer/BioNTech",https://covid19.ssi.dk/overvagningsdata/download-fil-med-vaccinationsdata,1114792.0,737337,377408,47.0,
Denmark,2021-04-04,"Moderna, Oxford/AstraZeneca, Pfizer/BioNTech",https://covid19.ssi.dk/overvagningsdata/download-fil-med-vaccinationsdata,1128073.0,748908,379118,,
Denmark,2021-04-05,"Moderna, Oxford/AstraZeneca, Pfizer/BioNTech",https://covid19.ssi.dk/overvagningsdata/download-fil-med-vaccinationsdata,1141604.0,761136,380421,,
Denmark,2021-04-06,"Moderna, Oxford/AstraZeneca, Pfizer/BioNTech",https://covid19.ssi.dk/overvagningsdata/download-fil-med-vaccinationsdata,1163469.0,777040,386376,53.0,
Denmark,2021-04-07,"Moderna, Oxford/AstraZeneca, Pfizer/BioNTech",https://covid19.ssi.dk/overvagningsdata/download-fil-med-vaccinationsdata,1188016.0,793546,394414,56.0,
Denmark,2021-04-08,"Moderna, Oxford/AstraZeneca, Pfizer/BioNTech",https://covid19.ssi.dk/overvagningsdata/download-fil-med-vaccinationsdata,1210007.0,807241,402710,,
Denmark,2021-04-09,"Moderna, Oxford/AstraZeneca, Pfizer/BioNTech",https://covid19.ssi.dk/overvagningsdata/download-fil-med-vaccinationsdata,1234902.0,823617,411226,59.0,
Denmark,2021-04-10,"Moderna, Oxford/AstraZeneca, Pfizer/BioNTech",https://covid19.ssi.dk/overvagningsdata/download-fil-med-vaccinationsdata,1256919.0,840273,416587,,
Denmark,2021-04-11,"Moderna, Oxford/AstraZeneca, Pfizer/BioNTech",https://covid19.ssi.dk/overvagningsdata/download-fil-med-vaccinationsdata,1275610.0,855099,420452,,
Denmark,2021-04-12,"Moderna, Oxford/AstraZeneca, Pfizer/BioNTech",https://covid19.ssi.dk/overvagningsdata/download-fil-med-vaccinationsdata,1380438.0,948546,431832,60.0,
Denmark,2021-04-13,"Moderna, Oxford/AstraZeneca, Pfizer/BioNTech",https://covid19.ssi.dk/overvagningsdata/download-fil-med-vaccinationsdata,1405027.0,967013,437953,61.0,
Denmark,2021-04-14,"Moderna, Pfizer/BioNTech",https://covid19.ssi.dk/overvagningsdata/download-fil-med-vaccinationsdata,1427448.0,978443,448939,66.0,
Denmark,2021-04-15,"Moderna, Pfizer/BioNTech",https://covid19.ssi.dk/overvagningsdata/download-fil-med-vaccinationsdata,1451680.0,993697,457915,68.0,
Denmark,2021-04-16,"Moderna, Pfizer/BioNTech",https://covid19.ssi.dk/overvagningsdata/download-fil-med-vaccinationsdata,1477065.0,1011038,465957,70.0,
Denmark,2021-04-17,"Moderna, Pfizer/BioNTech",https://covid19.ssi.dk/overvagningsdata/download-fil-med-vaccinationsdata,1498489.0,1029757,468662,,
Denmark,2021-04-18,"Moderna, Pfizer/BioNTech",https://covid19.ssi.dk/overvagningsdata/download-fil-med-vaccinationsdata,1518020.0,1044208,473742,,
Denmark,2021-04-19,"Moderna, Pfizer/BioNTech",https://covid19.ssi.dk/overvagningsdata/download-fil-med-vaccinationsdata,1556979.0,1068952,487956,71.0,
Denmark,2021-04-20,"Moderna, Pfizer/BioNTech",https://covid19.ssi.dk/overvagningsdata/download-fil-med-vaccinationsdata,1595650.0,1090897,504680,73.0,
Denmark,2021-04-21,"Moderna, Pfizer/BioNTech",https://covid19.ssi.dk/overvagningsdata/download-fil-med-vaccinationsdata,1630709.0,1113376,517259,74.0,
Denmark,2021-04-22,"Moderna, Pfizer/BioNTech",https://covid19.ssi.dk/overvagningsdata/download-fil-med-vaccinationsdata,1664225.0,1141557,522589,79.0,
Denmark,2021-04-23,"Moderna, Pfizer/BioNTech",https://covid19.ssi.dk/overvagningsdata/download-fil-med-vaccinationsdata,1697462.0,1163671,533710,81.0,
Denmark,2021-04-24,"Moderna, Pfizer/BioNTech",https://covid19.ssi.dk/overvagningsdata/download-fil-med-vaccinationsdata,1719855.0,1178527,541247,,
Denmark,2021-04-25,"Moderna, Pfizer/BioNTech",https://covid19.ssi.dk/overvagningsdata/download-fil-med-vaccinationsdata,1740272.0,1193691,546499,82.0,
Denmark,2021-04-26,"Moderna, Pfizer/BioNTech",https://covid19.ssi.dk/overvagningsdata/download-fil-med-vaccinationsdata,1779499.0,1225090,554323,86.0,
Denmark,2021-04-27,"Moderna, Pfizer/BioNTech",https://covid19.ssi.dk/overvagningsdata/download-fil-med-vaccinationsdata,1826733.0,1251564,575073,96.0,
Denmark,2021-04-28,"Moderna, Pfizer/BioNTech",https://covid19.ssi.dk/overvagningsdata/download-fil-med-vaccinationsdata,1871196.0,1275625,595467,104.0,
Denmark,2021-04-29,"Moderna, Pfizer/BioNTech",https://covid19.ssi.dk/overvagningsdata/download-fil-med-vaccinationsdata,1914834.0,1301455,613272,107.0,
Denmark,2021-04-30,"Moderna, Pfizer/BioNTech",https://covid19.ssi.dk/overvagningsdata/download-fil-med-vaccinationsdata,1932238.0,1314901,617229,108.0,
Denmark,2021-05-01,"Moderna, Pfizer/BioNTech",https://covid19.ssi.dk/overvagningsdata/download-fil-med-vaccinationsdata,1945629.0,1322229,623287,113.0,
Denmark,2021-05-02,"Moderna, Pfizer/BioNTech",https://covid19.ssi.dk/overvagningsdata/download-fil-med-vaccinationsdata,1975983.0,1338851,637018,114.0,
Denmark,2021-05-03,"Moderna, Pfizer/BioNTech",https://covid19.ssi.dk/overvagningsdata/download-fil-med-vaccinationsdata,2041863.0,1359271,682471,121.0,
Denmark,2021-05-04,"Moderna, Pfizer/BioNTech",https://covid19.ssi.dk/overvagningsdata/download-fil-med-vaccinationsdata,2094129.0,1386863,707137,129.0,
Denmark,2021-05-05,"Moderna, Pfizer/BioNTech",https://covid19.ssi.dk/overvagningsdata/download-fil-med-vaccinationsdata,2150045.0,1413648,736267,130.0,
Denmark,2021-05-06,"Moderna, Pfizer/BioNTech",https://covid19.ssi.dk/overvagningsdata/download-fil-med-vaccinationsdata,2197020.0,1435176,761708,136.0,
Denmark,2021-05-07,"Moderna, Pfizer/BioNTech",https://covid19.ssi.dk/overvagningsdata/download-fil-med-vaccinationsdata,2238000.0,1451658,786205,137.0,
Denmark,2021-05-08,"Moderna, Pfizer/BioNTech",https://covid19.ssi.dk/overvagningsdata/download-fil-med-vaccinationsdata,2277645.0,1461153,816354,138.0,
Denmark,2021-05-09,"Moderna, Pfizer/BioNTech",https://covid19.ssi.dk/overvagningsdata/download-fil-med-vaccinationsdata,2310166.0,1477065,832963,,
Denmark,2021-05-10,"Moderna, Pfizer/BioNTech",https://covid19.ssi.dk/overvagningsdata/download-fil-med-vaccinationsdata,2372719.0,1503604,868972,143.0,
Denmark,2021-05-11,"Moderna, Pfizer/BioNTech",https://covid19.ssi.dk/overvagningsdata/download-fil-med-vaccinationsdata,2428573.0,1533275,895153,145.0,
Denmark,2021-05-12,"Moderna, Pfizer/BioNTech",https://covid19.ssi.dk/overvagningsdata/download-fil-med-vaccinationsdata,2481680.0,1559452,922080,148.0,
Denmark,2021-05-13,"Moderna, Pfizer/BioNTech",https://covid19.ssi.dk/overvagningsdata/download-fil-med-vaccinationsdata,2521040.0,1579158,941733,149.0,
Denmark,2021-05-14,"Moderna, Pfizer/BioNTech",https://covid19.ssi.dk/overvagningsdata/download-fil-med-vaccinationsdata,2572348.0,1599781,972413,154.0,
Denmark,2021-05-15,"Moderna, Pfizer/BioNTech",https://covid19.ssi.dk/overvagningsdata/download-fil-med-vaccinationsdata,2602158.0,1615231,986772,155.0,
Denmark,2021-05-16,"Moderna, Pfizer/BioNTech",https://covid19.ssi.dk/overvagningsdata/download-fil-med-vaccinationsdata,2635878.0,1635190,1000531,157.0,
Denmark,2021-05-17,"Moderna, Pfizer/BioNTech",https://covid19.ssi.dk/overvagningsdata/download-fil-med-vaccinationsdata,2697000.0,1666240,1030600,160.0,
Denmark,2021-05-18,"Moderna, Pfizer/BioNTech",https://covid19.ssi.dk/overvagningsdata/download-fil-med-vaccinationsdata,2757311.0,1695843,1061305,163.0,
Denmark,2021-05-19,"Moderna, Pfizer/BioNTech",https://covid19.ssi.dk/overvagningsdata/download-fil-med-vaccinationsdata,2811676.0,1727604,1083907,165.0,
Denmark,2021-05-20,"Moderna, Pfizer/BioNTech",https://covid19.ssi.dk/overvagningsdata/download-fil-med-vaccinationsdata,2866458.0,1760092,1106200,166.0,
Denmark,2021-05-21,"Moderna, Pfizer/BioNTech",https://covid19.ssi.dk/overvagningsdata/download-fil-med-vaccinationsdata,2921004.0,1795378,1125459,167.0,
Denmark,2021-05-22,"Moderna, Pfizer/BioNTech",https://covid19.ssi.dk/overvagningsdata/download-fil-med-vaccinationsdata,2958779.0,1821344,1137266,169.0,
Denmark,2021-05-23,"Moderna, Pfizer/BioNTech",https://covid19.ssi.dk/overvagningsdata/download-fil-med-vaccinationsdata,2987528.0,1843906,1143453,,
Denmark,2021-05-24,"Moderna, Pfizer/BioNTech",https://covid19.ssi.dk/overvagningsdata/download-fil-med-vaccinationsdata,3020681.0,1867344,1153166,171.0,
Denmark,2021-05-25,"Moderna, Pfizer/BioNTech",https://covid19.ssi.dk/overvagningsdata/download-fil-med-vaccinationsdata,3077014.0,1910788,1166052,174.0,
Denmark,2021-05-26,"Moderna, Pfizer/BioNTech",https://covid19.ssi.dk/overvagningsdata/download-fil-med-vaccinationsdata,3136590.0,1958201,1178210,179.0,
Denmark,2021-05-27,"Johnson&Johnson, Moderna, Pfizer/BioNTech",https://covid19.ssi.dk/overvagningsdata/download-fil-med-vaccinationsdata,3197800.0,2007503,1190636,182.0,521.0
Denmark,2021-05-28,"Johnson&Johnson, Moderna, Pfizer/BioNTech",https://covid19.ssi.dk/overvagningsdata/download-fil-med-vaccinationsdata,3248312.0,2048524,1200384,185.0,781.0
Denmark,2021-05-29,"Johnson&Johnson, Moderna, Pfizer/BioNTech",https://covid19.ssi.dk/overvagningsdata/download-fil-med-vaccinationsdata,3283397.0,2078337,1205654,187.0,
Denmark,2021-05-30,"Johnson&Johnson, Moderna, Pfizer/BioNTech",https://covid19.ssi.dk/overvagningsdata/download-fil-med-vaccinationsdata,3316187.0,2104155,1212625,188.0,781.0
Denmark,2021-05-31,"Johnson&Johnson, Moderna, Pfizer/BioNTech",https://covid19.ssi.dk/overvagningsdata/download-fil-med-vaccinationsdata,3372877.0,2140294,1234082,191.0,1690.0
Denmark,2021-06-01,"Johnson&Johnson, Moderna, Pfizer/BioNTech",https://covid19.ssi.dk/overvagningsdata/download-fil-med-vaccinationsdata,3429566.0,2180070,1251725,194.0,2423.0
Denmark,2021-06-02,"Johnson&Johnson, Moderna, Pfizer/BioNTech",https://covid19.ssi.dk/overvagningsdata/download-fil-med-vaccinationsdata,3488850.0,2222754,1269092,198.0,3194.0
Denmark,2021-06-03,"Johnson&Johnson, Moderna, Pfizer/BioNTech",https://covid19.ssi.dk/overvagningsdata/download-fil-med-vaccinationsdata,3546798.0,2258976,1292766,,5142.0
Denmark,2021-06-04,"Johnson&Johnson, Moderna, Pfizer/BioNTech",https://covid19.ssi.dk/overvagningsdata/download-fil-med-vaccinationsdata,3602461.0,2300362,1307041,200.0,
Denmark,2021-06-05,"Johnson&Johnson, Moderna, Pfizer/BioNTech",https://covid19.ssi.dk/overvagningsdata/download-fil-med-vaccinationsdata,3642889.0,2335320,1314527,205.0,7163.0
Denmark,2021-06-06,"Johnson&Johnson, Moderna, Pfizer/BioNTech",https://covid19.ssi.dk/overvagningsdata/download-fil-med-vaccinationsdata,3683930.0,2365261,1329625,,11161.0
Denmark,2021-06-07,"Johnson&Johnson, Moderna, Pfizer/BioNTech",https://covid19.ssi.dk/overvagningsdata/download-fil-med-vaccinationsdata,3756451.0,2418824,1351440,206.0,14019.0
Denmark,2021-06-08,"Johnson&Johnson, Moderna, Pfizer/BioNTech",https://covid19.ssi.dk/overvagningsdata/download-fil-med-vaccinationsdata,3832331.0,2472368,1376075,211.0,16323.0
Denmark,2021-06-09,"Johnson&Johnson, Moderna, Pfizer/BioNTech",https://covid19.ssi.dk/overvagningsdata/download-fil-med-vaccinationsdata,3907204.0,2525167,1400263,213.0,18439.0
Denmark,2021-06-10,"Johnson&Johnson, Moderna, Pfizer/BioNTech",https://covid19.ssi.dk/overvagningsdata/download-fil-med-vaccinationsdata,3980370.0,2584001,1417723,218.0,21572.0
Denmark,2021-06-11,"Johnson&Johnson, Moderna, Pfizer/BioNTech",https://covid19.ssi.dk/overvagningsdata/download-fil-med-vaccinationsdata,4044059.0,2632432,1436013,219.0,24605.0
Denmark,2021-06-12,"Johnson&Johnson, Moderna, Pfizer/BioNTech",https://covid19.ssi.dk/overvagningsdata/download-fil-med-vaccinationsdata,4090357.0,2665902,1448841,,
Denmark,2021-06-13,"Johnson&Johnson, Moderna, Pfizer/BioNTech",https://covid19.ssi.dk/overvagningsdata/download-fil-med-vaccinationsdata,4134453.0,2699442,1462159,,27367.0
Denmark,2021-06-14,"Johnson&Johnson, Moderna, Pfizer/BioNTech",https://covid19.ssi.dk/overvagningsdata/download-fil-med-vaccinationsdata,4202647.0,2751878,1484193,221.0,33645.0
Denmark,2021-06-15,"Johnson&Johnson, Moderna, Pfizer/BioNTech",https://covid19.ssi.dk/overvagningsdata/download-fil-med-vaccinationsdata,4279818.0,2812180,1502804,223.0,35389.0
Denmark,2021-06-16,"Johnson&Johnson, Moderna, Pfizer/BioNTech",https://covid19.ssi.dk/overvagningsdata/download-fil-med-vaccinationsdata,4357704.0,2864069,1528799,225.0,
Denmark,2021-06-17,"Johnson&Johnson, Moderna, Pfizer/BioNTech",https://covid19.ssi.dk/overvagningsdata/download-fil-med-vaccinationsdata,4428522.0,2915024,1550467,228.0,37197.0
Denmark,2021-06-18,"Johnson&Johnson, Moderna, Pfizer/BioNTech",https://covid19.ssi.dk/overvagningsdata/download-fil-med-vaccinationsdata,4490645.0,2949948,1577663,231.0,
Denmark,2021-06-19,"Johnson&Johnson, Moderna, Pfizer/BioNTech",https://covid19.ssi.dk/overvagningsdata/download-fil-med-vaccinationsdata,4530691.0,2973637,1595692,234.0,38872.0
Denmark,2021-06-20,"Johnson&Johnson, Moderna, Pfizer/BioNTech",https://covid19.ssi.dk/overvagningsdata/download-fil-med-vaccinationsdata,4574307.0,3002746,1611384,,40057.0
Denmark,2021-06-21,"Johnson&Johnson, Moderna, Pfizer/BioNTech",https://covid19.ssi.dk/overvagningsdata/download-fil-med-vaccinationsdata,4638565.0,3042170,1637397,237.0,41239.0
Denmark,2021-06-22,"Johnson&Johnson, Moderna, Pfizer/BioNTech",https://covid19.ssi.dk/overvagningsdata/download-fil-med-vaccinationsdata,4711483.0,3088585,1664513,240.0,41855.0
Denmark,2021-06-23,"Johnson&Johnson, Moderna, Pfizer/BioNTech",https://covid19.ssi.dk/overvagningsdata/download-fil-med-vaccinationsdata,4781921.0,3127002,1697161,244.0,42486.0
Denmark,2021-06-24,"Johnson&Johnson, Moderna, Pfizer/BioNTech",https://covid19.ssi.dk/overvagningsdata/download-fil-med-vaccinationsdata,4849761.0,3160819,1731654,247.0,42959.0
Denmark,2021-06-25,"Johnson&Johnson, Moderna, Pfizer/BioNTech",https://covid19.ssi.dk/overvagningsdata/download-fil-med-vaccinationsdata,4911215.0,3189913,1764426,259.0,43383.0
Denmark,2021-06-26,"Johnson&Johnson, Moderna, Pfizer/BioNTech",https://covid19.ssi.dk/overvagningsdata/download-fil-med-vaccinationsdata,4952370.0,3208961,1786995,,43845.0
Denmark,2021-06-27,"Johnson&Johnson, Moderna, Pfizer/BioNTech",https://covid19.ssi.dk/overvagningsdata/download-fil-med-vaccinationsdata,4992348.0,3225090,1811160,261.0,44163.0
Denmark,2021-06-28,"Johnson&Johnson, Moderna, Pfizer/BioNTech",https://covid19.ssi.dk/overvagningsdata/download-fil-med-vaccinationsdata,5056814.0,3255697,1845481,263.0,44627.0
Denmark,2021-06-29,"Johnson&Johnson, Moderna, Pfizer/BioNTech",https://covid19.ssi.dk/overvagningsdata/download-fil-med-vaccinationsdata,5129341.0,3286263,1887717,266.0,44905.0
Denmark,2021-06-30,"Johnson&Johnson, Moderna, Pfizer/BioNTech",https://covid19.ssi.dk/overvagningsdata/download-fil-med-vaccinationsdata,5200521.0,3319088,1926359,268.0,45194.0
Denmark,2021-07-01,"Johnson&Johnson, Moderna, Pfizer/BioNTech",https://covid19.ssi.dk/overvagningsdata/download-fil-med-vaccinationsdata,5272804.0,3350812,1967026,270.0,45304.0
Denmark,2021-07-02,"Johnson&Johnson, Moderna, Pfizer/BioNTech",https://covid19.ssi.dk/overvagningsdata/download-fil-med-vaccinationsdata,5336405.0,3370458,2011086,272.0,45411.0
Denmark,2021-07-03,"Johnson&Johnson, Moderna, Pfizer/BioNTech",https://covid19.ssi.dk/overvagningsdata/download-fil-med-vaccinationsdata,5380519.0,3382086,2043781,276.0,45624.0
Denmark,2021-07-04,"Johnson&Johnson, Moderna, Pfizer/BioNTech",https://covid19.ssi.dk/overvagningsdata/download-fil-med-vaccinationsdata,5422556.0,3394927,2073112,281.0,45764.0
Denmark,2021-07-05,"Johnson&Johnson, Moderna, Pfizer/BioNTech",https://covid19.ssi.dk/overvagningsdata/download-fil-med-vaccinationsdata,5498138.0,3427492,2116223,283.0,45860.0
Denmark,2021-07-06,"Johnson&Johnson, Moderna, Pfizer/BioNTech",https://covid19.ssi.dk/overvagningsdata/download-fil-med-vaccinationsdata,5580789.0,3467764,2158594,291.0,
Denmark,2021-07-07,"Johnson&Johnson, Moderna, Pfizer/BioNTech",https://covid19.ssi.dk/overvagningsdata/download-fil-med-vaccinationsdata,5666817.0,3514182,2198306,295.0,45966.0
Denmark,2021-07-08,"Johnson&Johnson, Moderna, Pfizer/BioNTech",https://covid19.ssi.dk/overvagningsdata/download-fil-med-vaccinationsdata,5750857.0,3561420,2235230,297.0,46090.0
Denmark,2021-07-09,"Johnson&Johnson, Moderna, Pfizer/BioNTech",https://covid19.ssi.dk/overvagningsdata/download-fil-med-vaccinationsdata,5829109.0,3606479,2268458,307.0,46135.0
Denmark,2021-07-10,"Johnson&Johnson, Moderna, Pfizer/BioNTech",https://covid19.ssi.dk/overvagningsdata/download-fil-med-vaccinationsdata,5881647.0,3637214,2290257,312.0,46136.0
Denmark,2021-07-11,"Johnson&Johnson, Moderna, Pfizer/BioNTech",https://covid19.ssi.dk/overvagningsdata/download-fil-med-vaccinationsdata,5938231.0,3671776,2312279,313.0,46137.0
Denmark,2021-07-12,"Johnson&Johnson, Moderna, Pfizer/BioNTech",https://covid19.ssi.dk/overvagningsdata/download-fil-med-vaccinationsdata,6028296.0,3707311,2366806,316.0,
Denmark,2021-07-13,"Johnson&Johnson, Moderna, Pfizer/BioNTech",https://covid19.ssi.dk/overvagningsdata/download-fil-med-vaccinationsdata,6118613.0,3748043,2416532,320.0,46282.0
Denmark,2021-07-14,"Johnson&Johnson, Moderna, Pfizer/BioNTech",https://covid19.ssi.dk/overvagningsdata/download-fil-med-vaccinationsdata,6206454.0,3791126,2461324,325.0,46321.0
Denmark,2021-07-15,"Johnson&Johnson, Moderna, Pfizer/BioNTech",https://covid19.ssi.dk/overvagningsdata/download-fil-med-vaccinationsdata,6293107.0,3824240,2514859,329.0,
Denmark,2021-07-16,"Johnson&Johnson, Moderna, Pfizer/BioNTech",https://covid19.ssi.dk/overvagningsdata/download-fil-med-vaccinationsdata,6366682.0,3854314,2558367,333.0,46332.0
Denmark,2021-07-17,"Johnson&Johnson, Moderna, Pfizer/BioNTech",https://covid19.ssi.dk/overvagningsdata/download-fil-med-vaccinationsdata,6417507.0,3878701,2584799,337.0,46330.0
Denmark,2021-07-18,"Johnson&Johnson, Moderna, Pfizer/BioNTech",https://covid19.ssi.dk/overvagningsdata/download-fil-med-vaccinationsdata,6471787.0,3899085,2618691,341.0,46330.0
Denmark,2021-07-19,"Johnson&Johnson, Moderna, Pfizer/BioNTech",https://covid19.ssi.dk/overvagningsdata/download-fil-med-vaccinationsdata,6558976.0,3931698,2673320,344.0,46386.0
Denmark,2021-07-20,"Johnson&Johnson, Moderna, Pfizer/BioNTech",https://covid19.ssi.dk/overvagningsdata/download-fil-med-vaccinationsdata,6648513.0,3964758,2729818,348.0,46411.0
Denmark,2021-07-21,"Johnson&Johnson, Moderna, Pfizer/BioNTech",https://covid19.ssi.dk/overvagningsdata/download-fil-med-vaccinationsdata,6733720.0,3994870,2784912,354.0,46416.0
Denmark,2021-07-22,"Johnson&Johnson, Moderna, Pfizer/BioNTech",https://covid19.ssi.dk/overvagningsdata/download-fil-med-vaccinationsdata,6809933.0,4019279,2836711,360.0,46417.0
Denmark,2021-07-23,"Johnson&Johnson, Moderna, Pfizer/BioNTech",https://covid19.ssi.dk/overvagningsdata/download-fil-med-vaccinationsdata,6878414.0,4044088,2880374,364.0,46412.0
Denmark,2021-07-24,"Johnson&Johnson, Moderna, Pfizer/BioNTech",https://covid19.ssi.dk/overvagningsdata/download-fil-med-vaccinationsdata,6919681.0,4061654,2904074,365.0,
Denmark,2021-07-25,"Johnson&Johnson, Moderna, Pfizer/BioNTech",https://covid19.ssi.dk/overvagningsdata/download-fil-med-vaccinationsdata,6964596.0,4075076,2935622,367.0,46469.0
Denmark,2021-07-26,"Johnson&Johnson, Moderna, Pfizer/BioNTech",https://covid19.ssi.dk/overvagningsdata/download-fil-med-vaccinationsdata,7031752.0,4100124,2977737,377.0,46486.0
Denmark,2021-07-27,"Johnson&Johnson, Moderna, Pfizer/BioNTech",https://covid19.ssi.dk/overvagningsdata/download-fil-med-vaccinationsdata,7099783.0,4123284,3022599,386.0,
Denmark,2021-07-28,"Johnson&Johnson, Moderna, Pfizer/BioNTech",https://covid19.ssi.dk/overvagningsdata/download-fil-med-vaccinationsdata,7162189.0,4142340,3065944,398.0,46493.0
Denmark,2021-07-29,"Johnson&Johnson, Moderna, Pfizer/BioNTech",https://covid19.ssi.dk/overvagningsdata/download-fil-med-vaccinationsdata,7220216.0,4161224,3105074,407.0,46489.0
Denmark,2021-07-30,"Johnson&Johnson, Moderna, Pfizer/BioNTech",https://covid19.ssi.dk/overvagningsdata/download-fil-med-vaccinationsdata,7269295.0,4175472,3139889,413.0,46479.0
Denmark,2021-07-31,"Johnson&Johnson, Moderna, Pfizer/BioNTech",https://covid19.ssi.dk/overvagningsdata/download-fil-med-vaccinationsdata,7295831.0,4181969,3159927,415.0,46480.0
Denmark,2021-08-01,"Johnson&Johnson, Moderna, Pfizer/BioNTech",https://covid19.ssi.dk/overvagningsdata/download-fil-med-vaccinationsdata,7323853.0,4190789,3179125,419.0,46480.0
Denmark,2021-08-02,"Johnson&Johnson, Moderna, Pfizer/BioNTech",https://covid19.ssi.dk/overvagningsdata/download-fil-med-vaccinationsdata,7380985.0,4207170,3219827,428.0,46440.0
Denmark,2021-08-03,"Johnson&Johnson, Moderna, Pfizer/BioNTech",https://covid19.ssi.dk/overvagningsdata/download-fil-med-vaccinationsdata,7437664.0,4220726,3262925,445.0,46432.0
Denmark,2021-08-04,"Johnson&Johnson, Moderna, Pfizer/BioNTech",https://covid19.ssi.dk/overvagningsdata/download-fil-med-vaccinationsdata,7493726.0,4232196,3307505,458.0,46433.0
Denmark,2021-08-05,"Johnson&Johnson, Moderna, Pfizer/BioNTech",https://covid19.ssi.dk/overvagningsdata/download-fil-med-vaccinationsdata,7545175.0,4243707,3347426,473.0,46431.0
Denmark,2021-08-06,"Johnson&Johnson, Moderna, Pfizer/BioNTech",https://covid19.ssi.dk/overvagningsdata/download-fil-med-vaccinationsdata,7595191.0,4253716,3387415,482.0,46422.0
Denmark,2021-08-07,"Johnson&Johnson, Moderna, Pfizer/BioNTech",https://covid19.ssi.dk/overvagningsdata/download-fil-med-vaccinationsdata,7629847.0,4261485,3414316,486.0,46440.0
Denmark,2021-08-08,"Johnson&Johnson, Moderna, Pfizer/BioNTech",https://covid19.ssi.dk/overvagningsdata/download-fil-med-vaccinationsdata,7669772.0,4265609,3450121,490.0,46448.0
Denmark,2021-08-09,"Johnson&Johnson, Moderna, Pfizer/BioNTech",https://covid19.ssi.dk/overvagningsdata/download-fil-med-vaccinationsdata,7735206.0,4275624,3505530,500.0,
Denmark,2021-08-10,"Johnson&Johnson, Moderna, Pfizer/BioNTech",https://covid19.ssi.dk/overvagningsdata/download-fil-med-vaccinationsdata,7799853.0,4285558,3560213,511.0,46429.0
Denmark,2021-08-11,"Johnson&Johnson, Moderna, Pfizer/BioNTech",https://covid19.ssi.dk/overvagningsdata/download-fil-med-vaccinationsdata,7863628.0,4291841,3617703,534.0,46450.0
Denmark,2021-08-12,"Johnson&Johnson, Moderna, Pfizer/BioNTech",https://covid19.ssi.dk/overvagningsdata/download-fil-med-vaccinationsdata,7919776.0,4297882,3667803,548.0,46457.0
Denmark,2021-08-13,"Johnson&Johnson, Moderna, Pfizer/BioNTech",https://covid19.ssi.dk/overvagningsdata/download-fil-med-vaccinationsdata,7973102.0,4304341,3714670,554.0,46463.0
Denmark,2021-08-14,"Johnson&Johnson, Moderna, Pfizer/BioNTech",https://covid19.ssi.dk/overvagningsdata/download-fil-med-vaccinationsdata,8012642.0,4308682,3749871,560.0,46471.0
Denmark,2021-08-15,"Johnson&Johnson, Moderna, Pfizer/BioNTech",https://covid19.ssi.dk/overvagningsdata/download-fil-med-vaccinationsdata,8054553.0,4313199,3787265,567.0,46478.0
Denmark,2021-08-16,"Johnson&Johnson, Moderna, Pfizer/BioNTech",https://covid19.ssi.dk/overvagningsdata/download-fil-med-vaccinationsdata,8106893.0,4320469,3832291,585.0,46452.0
Denmark,2021-08-17,"Johnson&Johnson, Moderna, Pfizer/BioNTech",https://covid19.ssi.dk/overvagningsdata/download-fil-med-vaccinationsdata,8151777.0,4327657,3869977,600.0,46457.0
Denmark,2021-08-18,"Johnson&Johnson, Moderna, Pfizer/BioNTech",https://covid19.ssi.dk/overvagningsdata/download-fil-med-vaccinationsdata,8193946.0,4333224,3906572,616.0,46466.0
Denmark,2021-08-19,"Johnson&Johnson, Moderna, Pfizer/BioNTech",https://covid19.ssi.dk/overvagningsdata/download-fil-med-vaccinationsdata,8226703.0,4339446,3933091,637.0,46471.0
Denmark,2021-08-20,"Johnson&Johnson, Moderna, Pfizer/BioNTech",https://covid19.ssi.dk/overvagningsdata/download-fil-med-vaccinationsdata,8260444.0,4344427,3961843,647.0,46473.0
Denmark,2021-08-21,"Johnson&Johnson, Moderna, Pfizer/BioNTech",https://covid19.ssi.dk/overvagningsdata/download-fil-med-vaccinationsdata,8284654.0,4348972,3981512,649.0,46479.0
Denmark,2021-08-22,"Johnson&Johnson, Moderna, Pfizer/BioNTech",https://covid19.ssi.dk/overvagningsdata/download-fil-med-vaccinationsdata,8303862.0,4352009,3997682,653.0,46482.0
Denmark,2021-08-23,"Johnson&Johnson, Moderna, Pfizer/BioNTech",https://covid19.ssi.dk/overvagningsdata/download-fil-med-vaccinationsdata,8339924.0,4357699,4028032,670.0,46477.0
Denmark,2021-08-24,"Johnson&Johnson, Moderna, Pfizer/BioNTech",https://covid19.ssi.dk/overvagningsdata/download-fil-med-vaccinationsdata,8374457.0,4363531,4056730,683.0,46487.0
Denmark,2021-08-25,"Johnson&Johnson, Moderna, Pfizer/BioNTech",https://covid19.ssi.dk/overvagningsdata/download-fil-med-vaccinationsdata,8398243.0,4368507,4075530,697.0,46491.0
Denmark,2021-08-26,"Johnson&Johnson, Moderna, Pfizer/BioNTech",https://covid19.ssi.dk/overvagningsdata/download-fil-med-vaccinationsdata,8421195.0,4373013,4093967,706.0,46491.0
Denmark,2021-08-27,"Johnson&Johnson, Moderna, Pfizer/BioNTech",https://covid19.ssi.dk/overvagningsdata/download-fil-med-vaccinationsdata,8446257.0,4377663,4114379,715.0,46500.0
Denmark,2021-08-28,"Johnson&Johnson, Moderna, Pfizer/BioNTech",https://covid19.ssi.dk/overvagningsdata/download-fil-med-vaccinationsdata,8459019.0,4380380,4124426,718.0,46505.0
Denmark,2021-08-29,"Johnson&Johnson, Moderna, Pfizer/BioNTech",https://covid19.ssi.dk/overvagningsdata/download-fil-med-vaccinationsdata,8473147.0,4382788,4136147,723.0,46511.0
Denmark,2021-08-30,"Johnson&Johnson, Moderna, Pfizer/BioNTech",https://covid19.ssi.dk/overvagningsdata/download-fil-med-vaccinationsdata,8501830.0,4386897,4160696,752.0,46515.0
Denmark,2021-08-31,"Johnson&Johnson, Moderna, Pfizer/BioNTech",https://covid19.ssi.dk/overvagningsdata/download-fil-med-vaccinationsdata,8522683.0,4390562,4177847,767.0,46493.0
Denmark,2021-09-01,"Johnson&Johnson, Moderna, Pfizer/BioNTech",https://covid19.ssi.dk/overvagningsdata/download-fil-med-vaccinationsdata,8536321.0,4393545,4188454,789.0,46467.0
Denmark,2021-09-02,"Johnson&Johnson, Moderna, Pfizer/BioNTech",https://covid19.ssi.dk/overvagningsdata/download-fil-med-vaccinationsdata,8549364.0,4396468,4198540,812.0,46456.0
Denmark,2021-09-03,"Johnson&Johnson, Moderna, Pfizer/BioNTech",https://covid19.ssi.dk/overvagningsdata/download-fil-med-vaccinationsdata,8560920.0,4399133,4207402,826.0,46441.0
Denmark,2021-09-04,"Johnson&Johnson, Moderna, Pfizer/BioNTech",https://covid19.ssi.dk/overvagningsdata/download-fil-med-vaccinationsdata,8570059.0,4400973,4214693,834.0,46441.0
Denmark,2021-09-05,"Johnson&Johnson, Moderna, Pfizer/BioNTech",https://covid19.ssi.dk/overvagningsdata/download-fil-med-vaccinationsdata,8578145.0,4403084,4220663,839.0,46441.0
Denmark,2021-09-06,"Johnson&Johnson, Moderna, Pfizer/BioNTech",https://covid19.ssi.dk/overvagningsdata/download-fil-med-vaccinationsdata,8589875.0,4405246,4230098,951.0,46420.0
Denmark,2021-09-07,"Johnson&Johnson, Moderna, Pfizer/BioNTech",https://covid19.ssi.dk/overvagningsdata/download-fil-med-vaccinationsdata,8600145.0,4407488,4238106,971.0,
Denmark,2021-09-08,"Johnson&Johnson, Moderna, Pfizer/BioNTech",https://covid19.ssi.dk/overvagningsdata/download-fil-med-vaccinationsdata,8609337.0,4409816,4244940,1006.0,46425.0
Denmark,2021-09-09,"Johnson&Johnson, Moderna, Pfizer/BioNTech",https://covid19.ssi.dk/overvagningsdata/download-fil-med-vaccinationsdata,8617666.0,4411773,4251143,1168.0,46418.0
Denmark,2021-09-10,"Johnson&Johnson, Moderna, Pfizer/BioNTech",https://covid19.ssi.dk/overvagningsdata/download-fil-med-vaccinationsdata,8628518.0,4413908,4258710,2315.0,46415.0
Denmark,2021-09-11,"Johnson&Johnson, Moderna, Pfizer/BioNTech",https://covid19.ssi.dk/overvagningsdata/download-fil-med-vaccinationsdata,8638760.0,4415738,4264507,4930.0,46415.0
Denmark,2021-09-12,"Johnson&Johnson, Moderna, Pfizer/BioNTech",https://covid19.ssi.dk/overvagningsdata/download-fil-med-vaccinationsdata,8646889.0,4417092,4269405,6807.0,46415.0
Denmark,2021-09-13,"Johnson&Johnson, Moderna, Pfizer/BioNTech",https://covid19.ssi.dk/overvagningsdata/download-fil-med-vaccinationsdata,8660774.0,4419000,4276124,12054.0,46404.0
Denmark,2021-09-14,"Johnson&Johnson, Moderna, Pfizer/BioNTech",https://covid19.ssi.dk/overvagningsdata/download-fil-med-vaccinationsdata,8672924.0,4420784,4281642,16891.0,46393.0
Denmark,2021-09-15,"Johnson&Johnson, Moderna, Pfizer/BioNTech",https://covid19.ssi.dk/overvagningsdata/download-fil-med-vaccinationsdata,8686034.0,4422527,4287338,22560.0,46391.0
Denmark,2021-09-16,"Johnson&Johnson, Moderna, Pfizer/BioNTech",https://covid19.ssi.dk/overvagningsdata/download-fil-med-vaccinationsdata,8697598.0,4424187,4292066,27735.0,46390.0
Denmark,2021-09-17,"Johnson&Johnson, Moderna, Pfizer/BioNTech",https://covid19.ssi.dk/overvagningsdata/download-fil-med-vaccinationsdata,8708765.0,4425797,4296990,32363.0,46385.0
Denmark,2021-09-18,"Johnson&Johnson, Moderna, Pfizer/BioNTech",https://covid19.ssi.dk/overvagningsdata/download-fil-med-vaccinationsdata,8714706.0,4426920,4300675,33497.0,46386.0
Denmark,2021-09-19,"Johnson&Johnson, Moderna, Pfizer/BioNTech",https://covid19.ssi.dk/overvagningsdata/download-fil-med-vaccinationsdata,8719539.0,4427917,4303768,34240.0,46386.0
Denmark,2021-09-20,"Johnson&Johnson, Moderna, Pfizer/BioNTech",https://covid19.ssi.dk/overvagningsdata/download-fil-med-vaccinationsdata,8732568.0,4429646,4309985,39301.0,46364.0
Denmark,2021-09-21,"Johnson&Johnson, Moderna, Pfizer/BioNTech",https://covid19.ssi.dk/overvagningsdata/download-fil-med-vaccinationsdata,8743906.0,4431101,4314651,44509.0,46355.0
Denmark,2021-09-22,"Johnson&Johnson, Moderna, Pfizer/BioNTech",https://covid19.ssi.dk/overvagningsdata/download-fil-med-vaccinationsdata,8754841.0,4432578,4318663,49951.0,46351.0
Denmark,2021-09-23,"Johnson&Johnson, Moderna, Pfizer/BioNTech",https://covid19.ssi.dk/overvagningsdata/download-fil-med-vaccinationsdata,8764272.0,4433776,4322181,54663.0,46348.0
Denmark,2021-09-24,"Johnson&Johnson, Moderna, Pfizer/BioNTech",https://covid19.ssi.dk/overvagningsdata/download-fil-med-vaccinationsdata,8772591.0,4434953,4325749,58237.0,
Denmark,2021-09-25,"Johnson&Johnson, Moderna, Pfizer/BioNTech",https://covid19.ssi.dk/overvagningsdata/download-fil-med-vaccinationsdata,8776527.0,4435844,4328070,58961.0,
Denmark,2021-09-26,"Johnson&Johnson, Moderna, Pfizer/BioNTech",https://covid19.ssi.dk/overvagningsdata/download-fil-med-vaccinationsdata,8780855.0,4436671,4330854,59676.0,46346.0
Denmark,2021-09-27,"Johnson&Johnson, Moderna, Pfizer/BioNTech",https://covid19.ssi.dk/overvagningsdata/download-fil-med-vaccinationsdata,8788591.0,4437771,4334158,62993.0,46331.0
Denmark,2021-09-28,"Johnson&Johnson, Moderna, Pfizer/BioNTech",https://covid19.ssi.dk/overvagningsdata/download-fil-med-vaccinationsdata,8796430.0,4438976,4337516,66266.0,46328.0
Denmark,2021-09-29,"Johnson&Johnson, Moderna, Pfizer/BioNTech",https://covid19.ssi.dk/overvagningsdata/download-fil-med-vaccinationsdata,8803689.0,4440250,4340838,68936.0,46335.0
Denmark,2021-09-30,"Johnson&Johnson, Moderna, Pfizer/BioNTech",https://covid19.ssi.dk/overvagningsdata/download-fil-med-vaccinationsdata,8809267.0,4441358,4343449,70787.0,46327.0
Denmark,2021-10-01,"Johnson&Johnson, Moderna, Pfizer/BioNTech",https://covid19.ssi.dk/overvagningsdata/download-fil-med-vaccinationsdata,8815494.0,4442394,4345921,73506.0,
Denmark,2021-10-02,"Johnson&Johnson, Moderna, Pfizer/BioNTech",https://covid19.ssi.dk/overvagningsdata/download-fil-med-vaccinationsdata,8819654.0,4443097,4347494,75390.0,
Denmark,2021-10-03,"Johnson&Johnson, Moderna, Pfizer/BioNTech",https://covid19.ssi.dk/overvagningsdata/download-fil-med-vaccinationsdata,8822391.0,4443538,4348620,76551.0,46318.0
Denmark,2021-10-04,"Johnson&Johnson, Moderna, Pfizer/BioNTech",https://covid19.ssi.dk/overvagningsdata/download-fil-med-vaccinationsdata,8828299.0,4444327,4350268,80014.0,46310.0
Denmark,2021-10-05,"Johnson&Johnson, Moderna, Pfizer/BioNTech",https://covid19.ssi.dk/overvagningsdata/download-fil-med-vaccinationsdata,8836867.0,4445528,4352612,85032.0,46305.0
Denmark,2021-10-06,"Johnson&Johnson, Moderna, Pfizer/BioNTech",https://covid19.ssi.dk/overvagningsdata/download-fil-med-vaccinationsdata,8847104.0,4446872,4355000,91539.0,46307.0
Denmark,2021-10-07,"Johnson&Johnson, Moderna, Pfizer/BioNTech",https://covid19.ssi.dk/overvagningsdata/download-fil-med-vaccinationsdata,8855267.0,4447784,4356798,96983.0,46298.0
Denmark,2021-10-08,"Johnson&Johnson, Moderna, Pfizer/BioNTech",https://covid19.ssi.dk/overvagningsdata/download-fil-med-vaccinationsdata,8863100.0,4448860,4358788,101750.0,
Denmark,2021-10-09,"Johnson&Johnson, Moderna, Pfizer/BioNTech",https://covid19.ssi.dk/overvagningsdata/download-fil-med-vaccinationsdata,8868114.0,4449596,4360457,104359.0,
Denmark,2021-10-10,"Johnson&Johnson, Moderna, Pfizer/BioNTech",https://covid19.ssi.dk/overvagningsdata/download-fil-med-vaccinationsdata,8870809.0,4450036,4361287,105784.0,46298.0
Denmark,2021-10-11,"Johnson&Johnson, Moderna, Pfizer/BioNTech",https://covid19.ssi.dk/overvagningsdata/download-fil-med-vaccinationsdata,8877494.0,4450795,4362670,110329.0,46300.0
Denmark,2021-10-12,"Johnson&Johnson, Moderna, Pfizer/BioNTech",https://covid19.ssi.dk/overvagningsdata/download-fil-med-vaccinationsdata,8887576.0,4451950,4364921,116999.0,46294.0
Denmark,2021-10-13,"Johnson&Johnson, Moderna, Pfizer/BioNTech",https://covid19.ssi.dk/overvagningsdata/download-fil-med-vaccinationsdata,8897701.0,4453080,4366897,124017.0,46293.0
Denmark,2021-10-14,"Johnson&Johnson, Moderna, Pfizer/BioNTech",https://covid19.ssi.dk/overvagningsdata/download-fil-med-vaccinationsdata,8905314.0,4453922,4368536,129152.0,46296.0
Denmark,2021-10-15,"Johnson&Johnson, Moderna, Pfizer/BioNTech",https://covid19.ssi.dk/overvagningsdata/download-fil-med-vaccinationsdata,8913323.0,4454976,4370251,134392.0,
Denmark,2021-10-16,"Johnson&Johnson, Moderna, Pfizer/BioNTech",https://covid19.ssi.dk/overvagningsdata/download-fil-med-vaccinationsdata,8920064.0,4455637,4371300,139423.0,
Denmark,2021-10-17,"Johnson&Johnson, Moderna, Pfizer/BioNTech",https://covid19.ssi.dk/overvagningsdata/download-fil-med-vaccinationsdata,8926089.0,4455995,4371992,144397.0,46295.0
Denmark,2021-10-18,"Johnson&Johnson, Moderna, Pfizer/BioNTech",https://covid19.ssi.dk/overvagningsdata/download-fil-med-vaccinationsdata,8939020.0,4456786,4373019,155510.0,
Denmark,2021-10-19,"Johnson&Johnson, Moderna, Pfizer/BioNTech",https://covid19.ssi.dk/overvagningsdata/download-fil-med-vaccinationsdata,8957326.0,4457933,4374663,171023.0,46293.0
Denmark,2021-10-20,"Johnson&Johnson, Moderna, Pfizer/BioNTech",https://covid19.ssi.dk/overvagningsdata/download-fil-med-vaccinationsdata,8977155.0,4459125,4376222,188109.0,46301.0
Denmark,2021-10-21,"Johnson&Johnson, Moderna, Pfizer/BioNTech",https://covid19.ssi.dk/overvagningsdata/download-fil-med-vaccinationsdata,8993884.0,4460264,4377488,202437.0,46305.0
Denmark,2021-10-22,"Johnson&Johnson, Moderna, Pfizer/BioNTech",https://covid19.ssi.dk/overvagningsdata/download-fil-med-vaccinationsdata,9009501.0,4461494,4378878,215434.0,
Denmark,2021-10-23,"Johnson&Johnson, Moderna, Pfizer/BioNTech",https://covid19.ssi.dk/overvagningsdata/download-fil-med-vaccinationsdata,9017715.0,4462172,4379838,222010.0,
Denmark,2021-10-24,"Johnson&Johnson, Moderna, Pfizer/BioNTech",https://covid19.ssi.dk/overvagningsdata/download-fil-med-vaccinationsdata,9022828.0,4462700,4380410,226026.0,46308.0
Denmark,2021-10-25,"Johnson&Johnson, Moderna, Pfizer/BioNTech",https://covid19.ssi.dk/overvagningsdata/download-fil-med-vaccinationsdata,9038362.0,4463826,4381626,239199.0,46289.0
Denmark,2021-10-26,"Johnson&Johnson, Moderna, Pfizer/BioNTech",https://covid19.ssi.dk/overvagningsdata/download-fil-med-vaccinationsdata,9056227.0,4465387,4383269,253862.0,46291.0
Denmark,2021-10-27,"Johnson&Johnson, Moderna, Pfizer/BioNTech",https://covid19.ssi.dk/overvagningsdata/download-fil-med-vaccinationsdata,9076371.0,4467132,4384975,270562.0,46298.0
Denmark,2021-10-28,"Johnson&Johnson, Moderna, Pfizer/BioNTech",https://covid19.ssi.dk/overvagningsdata/download-fil-med-vaccinationsdata,9094240.0,4468788,4386395,285360.0,46303.0
Denmark,2021-10-29,"Johnson&Johnson, Moderna, Pfizer/BioNTech",https://covid19.ssi.dk/overvagningsdata/download-fil-med-vaccinationsdata,9110039.0,4470384,4387929,298029.0,
Denmark,2021-10-30,"Johnson&Johnson, Moderna, Pfizer/BioNTech",https://covid19.ssi.dk/overvagningsdata/download-fil-med-vaccinationsdata,9116446.0,4471435,4388820,302494.0,
Denmark,2021-10-31,"Johnson&Johnson, Moderna, Pfizer/BioNTech",https://covid19.ssi.dk/overvagningsdata/download-fil-med-vaccinationsdata,9120884.0,4472058,4389385,305746.0,46305.0
Denmark,2021-11-01,"Johnson&Johnson, Moderna, Pfizer/BioNTech",https://covid19.ssi.dk/overvagningsdata/download-fil-med-vaccinationsdata,9137824.0,4473781,4390566,319786.0,46309.0
Denmark,2021-11-02,"Johnson&Johnson, Moderna, Pfizer/BioNTech",https://covid19.ssi.dk/overvagningsdata/download-fil-med-vaccinationsdata,9153297.0,4475709,4391904,331957.0,46273.0
Denmark,2021-11-03,"Johnson&Johnson, Moderna, Pfizer/BioNTech",https://covid19.ssi.dk/overvagningsdata/download-fil-med-vaccinationsdata,9173532.0,4477956,4393371,348485.0,46280.0
Denmark,2021-11-04,"Johnson&Johnson, Moderna, Pfizer/BioNTech",https://covid19.ssi.dk/overvagningsdata/download-fil-med-vaccinationsdata,9189459.0,4479693,4394521,361540.0,46295.0
Denmark,2021-11-05,"Johnson&Johnson, Moderna, Pfizer/BioNTech",https://covid19.ssi.dk/overvagningsdata/download-fil-med-vaccinationsdata,9205060.0,4481895,4395928,373532.0,
Denmark,2021-11-06,"Johnson&Johnson, Moderna, Pfizer/BioNTech",https://covid19.ssi.dk/overvagningsdata/download-fil-med-vaccinationsdata,9211640.0,4483442,4396770,377723.0,
Denmark,2021-11-07,"Johnson&Johnson, Moderna, Pfizer/BioNTech",https://covid19.ssi.dk/overvagningsdata/download-fil-med-vaccinationsdata,9215715.0,4484317,4397196,380503.0,46301.0
Denmark,2021-11-08,"Johnson&Johnson, Moderna, Pfizer/BioNTech",https://covid19.ssi.dk/overvagningsdata/download-fil-med-vaccinationsdata,9231739.0,4486784,4398440,392827.0,46312.0
Denmark,2021-11-09,"Johnson&Johnson, Moderna, Pfizer/BioNTech",https://covid19.ssi.dk/overvagningsdata/download-fil-med-vaccinationsdata,9253369.0,4491701,4400130,407860.0,46322.0
Denmark,2021-11-10,"Johnson&Johnson, Moderna, Pfizer/BioNTech",https://covid19.ssi.dk/overvagningsdata/download-fil-med-vaccinationsdata,9280780.0,4496996,4402073,428046.0,46335.0
Denmark,2021-11-11,"Johnson&Johnson, Moderna, Pfizer/BioNTech",https://covid19.ssi.dk/overvagningsdata/download-fil-med-vaccinationsdata,9302893.0,4501270,4403735,444232.0,46344.0
Denmark,2021-11-12,"Johnson&Johnson, Moderna, Pfizer/BioNTech",https://covid19.ssi.dk/overvagningsdata/download-fil-med-vaccinationsdata,9323395.0,4505584,4405585,458570.0,
Denmark,2021-11-13,"Johnson&Johnson, Moderna, Pfizer/BioNTech",https://covid19.ssi.dk/overvagningsdata/download-fil-med-vaccinationsdata,9333220.0,4508764,4406715,464085.0,
Denmark,2021-11-14,"Johnson&Johnson, Moderna, Pfizer/BioNTech",https://covid19.ssi.dk/overvagningsdata/download-fil-med-vaccinationsdata,9341030.0,4511121,4407438,468833.0,46362.0
Denmark,2021-11-15,"Johnson&Johnson, Moderna, Pfizer/BioNTech",https://covid19.ssi.dk/overvagningsdata/download-fil-med-vaccinationsdata,9364281.0,4516344,4409341,484971.0,46375.0
Denmark,2021-11-16,"Johnson&Johnson, Moderna, Pfizer/BioNTech",https://covid19.ssi.dk/overvagningsdata/download-fil-med-vaccinationsdata,9385929.0,4520822,4411140,500346.0,46379.0
Denmark,2021-11-17,"Johnson&Johnson, Moderna, Pfizer/BioNTech",https://covid19.ssi.dk/overvagningsdata/download-fil-med-vaccinationsdata,9416473.0,4524998,4413028,524836.0,46389.0
Denmark,2021-11-18,"Johnson&Johnson, Moderna, Pfizer/BioNTech",https://covid19.ssi.dk/overvagningsdata/download-fil-med-vaccinationsdata,9445379.0,4528465,4414733,548586.0,46405.0
Denmark,2021-11-19,"Johnson&Johnson, Moderna, Pfizer/BioNTech",https://covid19.ssi.dk/overvagningsdata/download-fil-med-vaccinationsdata,9472334.0,4531673,4416411,570655.0,
Denmark,2021-11-20,"Johnson&Johnson, Moderna, Pfizer/BioNTech",https://covid19.ssi.dk/overvagningsdata/download-fil-med-vaccinationsdata,9489354.0,4533915,4417601,584243.0,
Denmark,2021-11-21,"Johnson&Johnson, Moderna, Pfizer/BioNTech",https://covid19.ssi.dk/overvagningsdata/download-fil-med-vaccinationsdata,9499165.0,4535242,4418332,591996.0,
Denmark,2021-11-22,"Johnson&Johnson, Moderna, Pfizer/BioNTech",https://covid19.ssi.dk/overvagningsdata/download-fil-med-vaccinationsdata,9532916.0,4538349,4420135,620870.0,46438.0
Denmark,2021-11-23,"Johnson&Johnson, Moderna, Pfizer/BioNTech",https://covid19.ssi.dk/overvagningsdata/download-fil-med-vaccinationsdata,9570194.0,4541435,4422012,653217.0,46470.0
Denmark,2021-11-24,"Johnson&Johnson, Moderna, Pfizer/BioNTech",https://covid19.ssi.dk/overvagningsdata/download-fil-med-vaccinationsdata,9610697.0,4544258,4424164,688770.0,46495.0
Denmark,2021-11-25,"Johnson&Johnson, Moderna, Pfizer/BioNTech",https://covid19.ssi.dk/overvagningsdata/download-fil-med-vaccinationsdata,9649438.0,4547033,4426055,722860.0,46510.0
Denmark,2021-11-26,"Johnson&Johnson, Moderna, Pfizer/BioNTech",https://covid19.ssi.dk/overvagningsdata/download-fil-med-vaccinationsdata,9680587.0,4549771,4428170,749156.0,
Denmark,2021-11-27,"Johnson&Johnson, Moderna, Pfizer/BioNTech",https://covid19.ssi.dk/overvagningsdata/download-fil-med-vaccinationsdata,9702421.0,4551996,4429649,767286.0,
Denmark,2021-11-28,"Johnson&Johnson, Moderna, Pfizer/BioNTech",https://covid19.ssi.dk/overvagningsdata/download-fil-med-vaccinationsdata,9724152.0,4555263,4430858,784567.0,46536.0
Denmark,2021-11-29,"Johnson&Johnson, Moderna, Pfizer/BioNTech",https://covid19.ssi.dk/overvagningsdata/download-fil-med-vaccinationsdata,9760692.0,4559327,4433487,814427.0,46549.0
Denmark,2021-11-30,"Johnson&Johnson, Moderna, Pfizer/BioNTech",https://covid19.ssi.dk/overvagningsdata/download-fil-med-vaccinationsdata,9799667.0,4564225,4436761,845249.0,46568.0
Denmark,2021-12-01,"Johnson&Johnson, Moderna, Pfizer/BioNTech",https://covid19.ssi.dk/overvagningsdata/download-fil-med-vaccinationsdata,9842492.0,4569298,4440359,879425.0,46590.0
Denmark,2021-12-02,"Johnson&Johnson, Moderna, Pfizer/BioNTech",https://covid19.ssi.dk/overvagningsdata/download-fil-med-vaccinationsdata,9884433.0,4574880,4443483,912682.0,46612.0
Denmark,2021-12-03,"Johnson&Johnson, Moderna, Pfizer/BioNTech",https://covid19.ssi.dk/overvagningsdata/download-fil-med-vaccinationsdata,9921438.0,4580032,4446802,941216.0,
Denmark,2021-12-04,"Johnson&Johnson, Moderna, Pfizer/BioNTech",https://covid19.ssi.dk/overvagningsdata/download-fil-med-vaccinationsdata,9948046.0,4586227,4449190,959241.0,
Denmark,2021-12-05,"Johnson&Johnson, Moderna, Pfizer/BioNTech",https://covid19.ssi.dk/overvagningsdata/download-fil-med-vaccinationsdata,9973778.0,4595728,4451018,973661.0,46629.0
Denmark,2021-12-06,"Johnson&Johnson, Moderna, Pfizer/BioNTech",https://covid19.ssi.dk/overvagningsdata/download-fil-med-vaccinationsdata,10021091.0,4603341,4455413,1008986.0,46649.0
Denmark,2021-12-07,"Johnson&Johnson, Moderna, Pfizer/BioNTech",https://covid19.ssi.dk/overvagningsdata/download-fil-med-vaccinationsdata,10074107.0,4613490,4459686,1047594.0,46663.0
Denmark,2021-12-08,"Johnson&Johnson, Moderna, Pfizer/BioNTech",https://covid19.ssi.dk/overvagningsdata/download-fil-med-vaccinationsdata,10137144.0,4624348,4464453,1095024.0,46681.0
Denmark,2021-12-09,"Johnson&Johnson, Moderna, Pfizer/BioNTech",https://covid19.ssi.dk/overvagningsdata/download-fil-med-vaccinationsdata,10200238.0,4635444,4468197,1143294.0,46697.0
Denmark,2021-12-10,"Johnson&Johnson, Moderna, Pfizer/BioNTech",https://covid19.ssi.dk/overvagningsdata/download-fil-med-vaccinationsdata,10264091.0,4645747,4471722,1193319.0,
Denmark,2021-12-11,"Johnson&Johnson, Moderna, Pfizer/BioNTech",https://covid19.ssi.dk/overvagningsdata/download-fil-med-vaccinationsdata,10309830.0,4655127,4473798,1227602.0,
Denmark,2021-12-12,"Johnson&Johnson, Moderna, Pfizer/BioNTech",https://covid19.ssi.dk/overvagningsdata/download-fil-med-vaccinationsdata,10356808.0,4667576,4475567,1260373.0,46708.0
Denmark,2021-12-13,"Johnson&Johnson, Moderna, Pfizer/BioNTech",https://covid19.ssi.dk/overvagningsdata/download-fil-med-vaccinationsdata,10453263.0,4676530,4479328,1344128.0,46723.0
Denmark,2021-12-14,"Johnson&Johnson, Moderna, Pfizer/BioNTech",https://covid19.ssi.dk/overvagningsdata/download-fil-med-vaccinationsdata,10577301.0,4687566,4483134,1453328.0,46727.0
Denmark,2021-12-15,"Johnson&Johnson, Moderna, Pfizer/BioNTech",https://covid19.ssi.dk/overvagningsdata/download-fil-med-vaccinationsdata,10729922.0,4701887,4487158,1587604.0,
Denmark,2021-12-16,"Johnson&Johnson, Moderna, Pfizer/BioNTech",https://covid19.ssi.dk/overvagningsdata/download-fil-med-vaccinationsdata,10896802.0,4716833,4490548,1736180.0,46759.0
Denmark,2021-12-17,"Johnson&Johnson, Moderna, Pfizer/BioNTech",https://covid19.ssi.dk/overvagningsdata/download-fil-med-vaccinationsdata,11059948.0,4729862,4494071,1882774.0,
Denmark,2021-12-18,"Johnson&Johnson, Moderna, Pfizer/BioNTech",https://covid19.ssi.dk/overvagningsdata/download-fil-med-vaccinationsdata,11156191.0,4740604,4496492,1965854.0,
Denmark,2021-12-19,"Johnson&Johnson, Moderna, Pfizer/BioNTech",https://covid19.ssi.dk/overvagningsdata/download-fil-med-vaccinationsdata,11239817.0,4750315,4499137,2037144.0,46779.0
Denmark,2021-12-20,"Johnson&Johnson, Moderna, Pfizer/BioNTech",https://covid19.ssi.dk/overvagningsdata/download-fil-med-vaccinationsdata,11389573.0,4760785,4504576,2171002.0,46790.0
Denmark,2021-12-21,"Johnson&Johnson, Moderna, Pfizer/BioNTech",https://covid19.ssi.dk/overvagningsdata/download-fil-med-vaccinationsdata,11513389.0,4770136,4509562,2280486.0,46795.0
Denmark,2021-12-22,"Johnson&Johnson, Moderna, Pfizer/BioNTech",https://covid19.ssi.dk/overvagningsdata/download-fil-med-vaccinationsdata,11619086.0,4777100,4514377,2374410.0,46801.0
Denmark,2021-12-23,"Johnson&Johnson, Moderna, Pfizer/BioNTech",https://covid19.ssi.dk/overvagningsdata/download-fil-med-vaccinationsdata,11700863.0,4780040,4517143,2450481.0,
Denmark,2021-12-24,"Johnson&Johnson, Moderna, Pfizer/BioNTech",https://covid19.ssi.dk/overvagningsdata/download-fil-med-vaccinationsdata,11710756.0,4780323,4517326,2459910.0,46803.0
Denmark,2021-12-25,"Johnson&Johnson, Moderna, Pfizer/BioNTech",https://covid19.ssi.dk/overvagningsdata/download-fil-med-vaccinationsdata,11729776.0,4780942,4517705,2477932.0,
Denmark,2021-12-26,"Johnson&Johnson, Moderna, Pfizer/BioNTech",https://covid19.ssi.dk/overvagningsdata/download-fil-med-vaccinationsdata,11760334.0,4782473,4519009,2505657.0,46805.0
Denmark,2021-12-27,"Johnson&Johnson, Moderna, Pfizer/BioNTech",https://covid19.ssi.dk/overvagningsdata/download-fil-med-vaccinationsdata,11870312.0,4788779,4531081,2597265.0,46813.0
Denmark,2021-12-28,"Johnson&Johnson, Moderna, Pfizer/BioNTech",https://covid19.ssi.dk/overvagningsdata/download-fil-med-vaccinationsdata,11970957.0,4793994,4541018,2682767.0,46822.0
Denmark,2021-12-29,"Johnson&Johnson, Moderna, Pfizer/BioNTech",https://covid19.ssi.dk/overvagningsdata/download-fil-med-vaccinationsdata,12060867.0,4799361,4550801,2757534.0,46829.0
Denmark,2021-12-30,"Johnson&Johnson, Moderna, Pfizer/BioNTech",https://covid19.ssi.dk/overvagningsdata/download-fil-med-vaccinationsdata,12113997.0,4802280,4557175,2801373.0,46831.0
Denmark,2021-12-31,"Johnson&Johnson, Moderna, Pfizer/BioNTech",https://covid19.ssi.dk/overvagningsdata/download-fil-med-vaccinationsdata,12119527.0,4802567,4557556,2806235.0,
Denmark,2022-01-01,"Johnson&Johnson, Moderna, Pfizer/BioNTech",https://covid19.ssi.dk/overvagningsdata/download-fil-med-vaccinationsdata,12127700.0,4802919,4558407,2813205.0,
Denmark,2022-01-02,"Johnson&Johnson, Moderna, Pfizer/BioNTech",https://covid19.ssi.dk/overvagningsdata/download-fil-med-vaccinationsdata,12170265.0,4805038,4565857,2846202.0,46832.0
Denmark,2022-01-03,"Johnson&Johnson, Moderna, Pfizer/BioNTech",https://covid19.ssi.dk/overvagningsdata/download-fil-med-vaccinationsdata,12245076.0,4808901,4579565,2903418.0,46808.0
Denmark,2022-01-04,"Johnson&Johnson, Moderna, Pfizer/BioNTech",https://covid19.ssi.dk/overvagningsdata/download-fil-med-vaccinationsdata,12313772.0,4812377,4591082,2957121.0,
Denmark,2022-01-05,"Johnson&Johnson, Moderna, Pfizer/BioNTech",https://covid19.ssi.dk/overvagningsdata/download-fil-med-vaccinationsdata,12374693.0,4815110,4602098,3004307.0,46822.0
Denmark,2022-01-06,"Johnson&Johnson, Moderna, Pfizer/BioNTech",https://covid19.ssi.dk/overvagningsdata/download-fil-med-vaccinationsdata,12431930.0,4817689,4613066,3048022.0,46847.0
Denmark,2022-01-07,"Johnson&Johnson, Moderna, Pfizer/BioNTech",https://covid19.ssi.dk/overvagningsdata/download-fil-med-vaccinationsdata,12492697.0,4820745,4624768,3094031.0,
Denmark,2022-01-08,"Johnson&Johnson, Moderna, Pfizer/BioNTech",https://covid19.ssi.dk/overvagningsdata/download-fil-med-vaccinationsdata,12530414.0,4823015,4635722,3118524.0,
Denmark,2022-01-09,"Johnson&Johnson, Moderna, Pfizer/BioNTech",https://covid19.ssi.dk/overvagningsdata/download-fil-med-vaccinationsdata,12562688.0,4824488,4644568,3140498.0,46866.0
Denmark,2022-01-10,"Johnson&Johnson, Moderna, Pfizer/BioNTech",https://covid19.ssi.dk/overvagningsdata/download-fil-med-vaccinationsdata,12608378.0,4826382,4653158,3175711.0,46873.0
Denmark,2022-01-11,"Johnson&Johnson, Moderna, Pfizer/BioNTech",https://covid19.ssi.dk/overvagningsdata/download-fil-med-vaccinationsdata,12646540.0,4828173,4661400,3203854.0,46887.0
Denmark,2022-01-12,"Johnson&Johnson, Moderna, Pfizer/BioNTech",https://covid19.ssi.dk/overvagningsdata/download-fil-med-vaccinationsdata,12687870.0,4829902,4669311,3235555.0,46898.0
Denmark,2022-01-13,"Johnson&Johnson, Moderna, Pfizer/BioNTech",https://covid19.ssi.dk/overvagningsdata/download-fil-med-vaccinationsdata,12731939.0,4831577,4675590,3271676.0,46904.0
Denmark,2022-01-14,"Johnson&Johnson, Moderna, Pfizer/BioNTech",https://covid19.ssi.dk/overvagningsdata/download-fil-med-vaccinationsdata,12775495.0,4833417,4681010,3307972.0,
Denmark,2022-01-15,"Johnson&Johnson, Moderna, Pfizer/BioNTech",https://covid19.ssi.dk/overvagningsdata/download-fil-med-vaccinationsdata,12800475.0,4834623,4685089,3327667.0,
Denmark,2022-01-16,"Johnson&Johnson, Moderna, Pfizer/BioNTech",https://covid19.ssi.dk/overvagningsdata/download-fil-med-vaccinationsdata,12825270.0,4835354,4688380,3348462.0,46926.0
Denmark,2022-01-17,"Johnson&Johnson, Moderna, Pfizer/BioNTech",https://covid19.ssi.dk/overvagningsdata/download-fil-med-vaccinationsdata,12864090.0,4836506,4692629,3381883.0,46928.0
Denmark,2022-01-18,"Johnson&Johnson, Moderna, Pfizer/BioNTech",https://covid19.ssi.dk/overvagningsdata/download-fil-med-vaccinationsdata,12895677.0,4837573,4696661,3408392.0,46949.0
Denmark,2022-01-19,"Johnson&Johnson, Moderna, Pfizer/BioNTech",https://covid19.ssi.dk/overvagningsdata/download-fil-med-vaccinationsdata,12924098.0,4838664,4700838,3431560.0,46964.0
Denmark,2022-01-20,"Johnson&Johnson, Moderna, Pfizer/BioNTech",https://covid19.ssi.dk/overvagningsdata/download-fil-med-vaccinationsdata,12948192.0,4839596,4704611,3450957.0,46972.0
Denmark,2022-01-21,"Johnson&Johnson, Moderna, Pfizer/BioNTech",https://covid19.ssi.dk/overvagningsdata/download-fil-med-vaccinationsdata,12974152.0,4840691,4708100,3472333.0,
Denmark,2022-01-22,"Johnson&Johnson, Moderna, Pfizer/BioNTech",https://covid19.ssi.dk/overvagningsdata/download-fil-med-vaccinationsdata,12987427.0,4841330,4710562,3482507.0,
Denmark,2022-01-23,"Johnson&Johnson, Moderna, Pfizer/BioNTech",https://covid19.ssi.dk/overvagningsdata/download-fil-med-vaccinationsdata,13000182.0,4841718,4712636,3492820.0,46992.0
Denmark,2022-01-24,"Johnson&Johnson, Moderna, Pfizer/BioNTech",https://covid19.ssi.dk/overvagningsdata/download-fil-med-vaccinationsdata,13019474.0,4842249,4715121,3509106.0,47002.0
Denmark,2022-01-25,"Johnson&Johnson, Moderna, Pfizer/BioNTech",https://covid19.ssi.dk/overvagningsdata/download-fil-med-vaccinationsdata,13035404.0,4842775,4717713,3521926.0,47010.0
Denmark,2022-01-26,"Johnson&Johnson, Moderna, Pfizer/BioNTech",https://covid19.ssi.dk/overvagningsdata/download-fil-med-vaccinationsdata,13049212.0,4843240,4720069,3532927.0,47024.0
Denmark,2022-01-27,"Johnson&Johnson, Moderna, Pfizer/BioNTech",https://covid19.ssi.dk/overvagningsdata/download-fil-med-vaccinationsdata,13061466.0,4843677,4722284,3542535.0,47030.0
Denmark,2022-01-28,"Johnson&Johnson, Moderna, Pfizer/BioNTech",https://covid19.ssi.dk/overvagningsdata/download-fil-med-vaccinationsdata,13074808.0,4844175,4724871,3552792.0,
Denmark,2022-01-29,"Johnson&Johnson, Moderna, Pfizer/BioNTech",https://covid19.ssi.dk/overvagningsdata/download-fil-med-vaccinationsdata,13081685.0,4844433,4726724,3557558.0,
Denmark,2022-01-30,"Johnson&Johnson, Moderna, Pfizer/BioNTech",https://covid19.ssi.dk/overvagningsdata/download-fil-med-vaccinationsdata,13087039.0,4844615,4728360,3561091.0,47027.0
Denmark,2022-01-31,"Johnson&Johnson, Moderna, Pfizer/BioNTech",https://covid19.ssi.dk/overvagningsdata/download-fil-med-vaccinationsdata,13096357.0,4844907,4729875,3568613.0,47038.0
Denmark,2022-02-01,"Johnson&Johnson, Moderna, Pfizer/BioNTech",https://covid19.ssi.dk/overvagningsdata/download-fil-med-vaccinationsdata,13103098.0,4845173,4731056,3573885.0,47016.0
Denmark,2022-02-02,"Johnson&Johnson, Moderna, Pfizer/BioNTech",https://covid19.ssi.dk/overvagningsdata/download-fil-med-vaccinationsdata,13109537.0,4845450,4732199,3578901.0,47013.0
Denmark,2022-02-03,"Johnson&Johnson, Moderna, Pfizer/BioNTech",https://covid19.ssi.dk/overvagningsdata/download-fil-med-vaccinationsdata,13115249.0,4845675,4733260,3583332.0,47018.0
